"Date","Source","Site ID","POC","Daily Mean PM2.5 Concentration","UNITS","DAILY_AQI_VALUE","Site Name","DAILY_OBS_COUNT","PERCENT_COMPLETE","AQS_PARAMETER_CODE","AQS_PARAMETER_DESC","CBSA_CODE","CBSA_NAME","STATE_CODE","STATE","COUNTY_CODE","COUNTY","SITE_LATITUDE","SITE_LONGITUDE"
"01/01/2020","AQS","540030003","1","4.3","ug/m3 LC","18","MARTINSBURG BALL FIELD","1","100.0000","88101","PM2.5 - Local Conditions","25180","Hagerstown-Martinsburg, MD-WV","54","West Virginia","003","Berkeley","39.448104902","-77.963845203"
"01/07/2020","AQS","540030003","1","9.3","ug/m3 LC","39","MARTINSBURG BALL FIELD","1","100.0000","88101","PM2.5 - Local Conditions","25180","Hagerstown-Martinsburg, MD-WV","54","West Virginia","003","Berkeley","39.448104902","-77.963845203"
"01/10/2020","AQS","540030003","1","9.2","ug/m3 LC","38","MARTINSBURG BALL FIELD","1","100.0000","88101","PM2.5 - Local Conditions","25180","Hagerstown-Martinsburg, MD-WV","54","West Virginia","003","Berkeley","39.448104902","-77.963845203"
"01/13/2020","AQS","540030003","1","11.9","ug/m3 LC","50","MARTINSBURG BALL FIELD","1","100.0000","88101","PM2.5 - Local Conditions","25180","Hagerstown-Martinsburg, MD-WV","54","West Virginia","003","Berkeley","39.448104902","-77.963845203"
"01/16/2020","AQS","540030003","1","4.6","ug/m3 LC","19","MARTINSBURG BALL FIELD","1","100.0000","88101","PM2.5 - Local Conditions","25180","Hagerstown-Martinsburg, MD-WV","54","West Virginia","003","Berkeley","39.448104902","-77.963845203"
"01/19/2020","AQS","540030003","1","5.9","ug/m3 LC","25","MARTINSBURG BALL FIELD","1","100.0000","88101","PM2.5 - Local Conditions","25180","Hagerstown-Martinsburg, MD-WV","54","West Virginia","003","Berkeley","39.448104902","-77.963845203"
"01/22/2020","AQS","540030003","1","20.2","ug/m3 LC","68","MARTINSBURG BALL FIELD","1","100.0000","88101","PM2.5 - Local Conditions","25180","Hagerstown-Martinsburg, MD-WV","54","West Virginia","003","Berkeley","39.448104902","-77.963845203"
"01/25/2020","AQS","540030003","1","2.3","ug/m3 LC","10","MARTINSBURG BALL FIELD","1","100.0000","88101","PM2.5 - Local Conditions","25180","Hagerstown-Martinsburg, MD-WV","54","West Virginia","003","Berkeley","39.448104902","-77.963845203"
"01/28/2020","AQS","540030003","1","2.9","ug/m3 LC","12","MARTINSBURG BALL FIELD","1","100.0000","88101","PM2.5 - Local Conditions","25180","Hagerstown-Martinsburg, MD-WV","54","West Virginia","003","Berkeley","39.448104902","-77.963845203"
"01/31/2020","AQS","540030003","1","12.4","ug/m3 LC","52","MARTINSBURG BALL FIELD","1","100.0000","88101","PM2.5 - Local Conditions","25180","Hagerstown-Martinsburg, MD-WV","54","West Virginia","003","Berkeley","39.448104902","-77.963845203"
"02/03/2020","AQS","540030003","1","3.8","ug/m3 LC","16","MARTINSBURG BALL FIELD","1","100.0000","88101","PM2.5 - Local Conditions","25180","Hagerstown-Martinsburg, MD-WV","54","West Virginia","003","Berkeley","39.448104902","-77.963845203"
"02/06/2020","AQS","540030003","1","6","ug/m3 LC","25","MARTINSBURG BALL FIELD","1","100.0000","88101","PM2.5 - Local Conditions","25180","Hagerstown-Martinsburg, MD-WV","54","West Virginia","003","Berkeley","39.448104902","-77.963845203"
"02/09/2020","AQS","540030003","1","7.6","ug/m3 LC","32","MARTINSBURG BALL FIELD","1","100.0000","88101","PM2.5 - Local Conditions","25180","Hagerstown-Martinsburg, MD-WV","54","West Virginia","003","Berkeley","39.448104902","-77.963845203"
"02/12/2020","AQS","540030003","1","10.6","ug/m3 LC","44","MARTINSBURG BALL FIELD","1","100.0000","88101","PM2.5 - Local Conditions","25180","Hagerstown-Martinsburg, MD-WV","54","West Virginia","003","Berkeley","39.448104902","-77.963845203"
"02/15/2020","AQS","540030003","1","10.7","ug/m3 LC","45","MARTINSBURG BALL FIELD","1","100.0000","88101","PM2.5 - Local Conditions","25180","Hagerstown-Martinsburg, MD-WV","54","West Virginia","003","Berkeley","39.448104902","-77.963845203"
"02/18/2020","AQS","540030003","1","12.3","ug/m3 LC","51","MARTINSBURG BALL FIELD","1","100.0000","88101","PM2.5 - Local Conditions","25180","Hagerstown-Martinsburg, MD-WV","54","West Virginia","003","Berkeley","39.448104902","-77.963845203"
"02/21/2020","AQS","540030003","1","6.7","ug/m3 LC","28","MARTINSBURG BALL FIELD","1","100.0000","88101","PM2.5 - Local Conditions","25180","Hagerstown-Martinsburg, MD-WV","54","West Virginia","003","Berkeley","39.448104902","-77.963845203"
"02/24/2020","AQS","540030003","1","16.2","ug/m3 LC","60","MARTINSBURG BALL FIELD","1","100.0000","88101","PM2.5 - Local Conditions","25180","Hagerstown-Martinsburg, MD-WV","54","West Virginia","003","Berkeley","39.448104902","-77.963845203"
"02/27/2020","AQS","540030003","1","3","ug/m3 LC","13","MARTINSBURG BALL FIELD","1","100.0000","88101","PM2.5 - Local Conditions","25180","Hagerstown-Martinsburg, MD-WV","54","West Virginia","003","Berkeley","39.448104902","-77.963845203"
"03/01/2020","AQS","540030003","1","7.4","ug/m3 LC","31","MARTINSBURG BALL FIELD","1","100.0000","88101","PM2.5 - Local Conditions","25180","Hagerstown-Martinsburg, MD-WV","54","West Virginia","003","Berkeley","39.448104902","-77.963845203"
"03/04/2020","AQS","540030003","1","2.2","ug/m3 LC","9","MARTINSBURG BALL FIELD","1","100.0000","88101","PM2.5 - Local Conditions","25180","Hagerstown-Martinsburg, MD-WV","54","West Virginia","003","Berkeley","39.448104902","-77.963845203"
"03/07/2020","AQS","540030003","1","2.5","ug/m3 LC","10","MARTINSBURG BALL FIELD","1","100.0000","88101","PM2.5 - Local Conditions","25180","Hagerstown-Martinsburg, MD-WV","54","West Virginia","003","Berkeley","39.448104902","-77.963845203"
"03/10/2020","AQS","540030003","1","6.3","ug/m3 LC","26","MARTINSBURG BALL FIELD","1","100.0000","88101","PM2.5 - Local Conditions","25180","Hagerstown-Martinsburg, MD-WV","54","West Virginia","003","Berkeley","39.448104902","-77.963845203"
"03/13/2020","AQS","540030003","1","2.9","ug/m3 LC","12","MARTINSBURG BALL FIELD","1","100.0000","88101","PM2.5 - Local Conditions","25180","Hagerstown-Martinsburg, MD-WV","54","West Virginia","003","Berkeley","39.448104902","-77.963845203"
"03/16/2020","AQS","540030003","1","5.3","ug/m3 LC","22","MARTINSBURG BALL FIELD","1","100.0000","88101","PM2.5 - Local Conditions","25180","Hagerstown-Martinsburg, MD-WV","54","West Virginia","003","Berkeley","39.448104902","-77.963845203"
"03/19/2020","AQS","540030003","1","11.5","ug/m3 LC","48","MARTINSBURG BALL FIELD","1","100.0000","88101","PM2.5 - Local Conditions","25180","Hagerstown-Martinsburg, MD-WV","54","West Virginia","003","Berkeley","39.448104902","-77.963845203"
"03/22/2020","AQS","540030003","1","4.4","ug/m3 LC","18","MARTINSBURG BALL FIELD","1","100.0000","88101","PM2.5 - Local Conditions","25180","Hagerstown-Martinsburg, MD-WV","54","West Virginia","003","Berkeley","39.448104902","-77.963845203"
"03/25/2020","AQS","540030003","1","4.2","ug/m3 LC","18","MARTINSBURG BALL FIELD","1","100.0000","88101","PM2.5 - Local Conditions","25180","Hagerstown-Martinsburg, MD-WV","54","West Virginia","003","Berkeley","39.448104902","-77.963845203"
"03/28/2020","AQS","540030003","1","6.7","ug/m3 LC","28","MARTINSBURG BALL FIELD","1","100.0000","88101","PM2.5 - Local Conditions","25180","Hagerstown-Martinsburg, MD-WV","54","West Virginia","003","Berkeley","39.448104902","-77.963845203"
"03/31/2020","AQS","540030003","1","2.2","ug/m3 LC","9","MARTINSBURG BALL FIELD","1","100.0000","88101","PM2.5 - Local Conditions","25180","Hagerstown-Martinsburg, MD-WV","54","West Virginia","003","Berkeley","39.448104902","-77.963845203"
"01/01/2020","AQS","540110007","1","4","ug/m3 LC","17","","1","100.0000","88101","PM2.5 - Local Conditions","26580","Huntington-Ashland, WV-KY-OH","54","West Virginia","011","Cabell","38.4102420009187","-82.432436"
"01/04/2020","AQS","540110007","1","3.4","ug/m3 LC","14","","1","100.0000","88101","PM2.5 - Local Conditions","26580","Huntington-Ashland, WV-KY-OH","54","West Virginia","011","Cabell","38.4102420009187","-82.432436"
"01/07/2020","AQS","540110007","1","6","ug/m3 LC","25","","1","100.0000","88101","PM2.5 - Local Conditions","26580","Huntington-Ashland, WV-KY-OH","54","West Virginia","011","Cabell","38.4102420009187","-82.432436"
"01/10/2020","AQS","540110007","1","4.8","ug/m3 LC","20","","1","100.0000","88101","PM2.5 - Local Conditions","26580","Huntington-Ashland, WV-KY-OH","54","West Virginia","011","Cabell","38.4102420009187","-82.432436"
"01/13/2020","AQS","540110007","1","5.7","ug/m3 LC","24","","1","100.0000","88101","PM2.5 - Local Conditions","26580","Huntington-Ashland, WV-KY-OH","54","West Virginia","011","Cabell","38.4102420009187","-82.432436"
"01/16/2020","AQS","540110007","1","5.1","ug/m3 LC","21","","1","100.0000","88101","PM2.5 - Local Conditions","26580","Huntington-Ashland, WV-KY-OH","54","West Virginia","011","Cabell","38.4102420009187","-82.432436"
"01/19/2020","AQS","540110007","1","7","ug/m3 LC","29","","1","100.0000","88101","PM2.5 - Local Conditions","26580","Huntington-Ashland, WV-KY-OH","54","West Virginia","011","Cabell","38.4102420009187","-82.432436"
"01/22/2020","AQS","540110007","1","10.6","ug/m3 LC","44","","1","100.0000","88101","PM2.5 - Local Conditions","26580","Huntington-Ashland, WV-KY-OH","54","West Virginia","011","Cabell","38.4102420009187","-82.432436"
"01/25/2020","AQS","540110007","1","2.2","ug/m3 LC","9","","1","100.0000","88101","PM2.5 - Local Conditions","26580","Huntington-Ashland, WV-KY-OH","54","West Virginia","011","Cabell","38.4102420009187","-82.432436"
"01/28/2020","AQS","540110007","1","11.5","ug/m3 LC","48","","1","100.0000","88101","PM2.5 - Local Conditions","26580","Huntington-Ashland, WV-KY-OH","54","West Virginia","011","Cabell","38.4102420009187","-82.432436"
"01/31/2020","AQS","540110007","1","11.8","ug/m3 LC","49","","1","100.0000","88101","PM2.5 - Local Conditions","26580","Huntington-Ashland, WV-KY-OH","54","West Virginia","011","Cabell","38.4102420009187","-82.432436"
"02/03/2020","AQS","540110007","1","4.2","ug/m3 LC","18","","1","100.0000","88101","PM2.5 - Local Conditions","26580","Huntington-Ashland, WV-KY-OH","54","West Virginia","011","Cabell","38.4102420009187","-82.432436"
"02/06/2020","AQS","540110007","1","4.4","ug/m3 LC","18","","1","100.0000","88101","PM2.5 - Local Conditions","26580","Huntington-Ashland, WV-KY-OH","54","West Virginia","011","Cabell","38.4102420009187","-82.432436"
"02/09/2020","AQS","540110007","1","5.7","ug/m3 LC","24","","1","100.0000","88101","PM2.5 - Local Conditions","26580","Huntington-Ashland, WV-KY-OH","54","West Virginia","011","Cabell","38.4102420009187","-82.432436"
"02/12/2020","AQS","540110007","1","11.6","ug/m3 LC","48","","1","100.0000","88101","PM2.5 - Local Conditions","26580","Huntington-Ashland, WV-KY-OH","54","West Virginia","011","Cabell","38.4102420009187","-82.432436"
"02/15/2020","AQS","540110007","1","5","ug/m3 LC","21","","1","100.0000","88101","PM2.5 - Local Conditions","26580","Huntington-Ashland, WV-KY-OH","54","West Virginia","011","Cabell","38.4102420009187","-82.432436"
"02/18/2020","AQS","540110007","1","6.7","ug/m3 LC","28","","1","100.0000","88101","PM2.5 - Local Conditions","26580","Huntington-Ashland, WV-KY-OH","54","West Virginia","011","Cabell","38.4102420009187","-82.432436"
"02/21/2020","AQS","540110007","1","5.9","ug/m3 LC","25","","1","100.0000","88101","PM2.5 - Local Conditions","26580","Huntington-Ashland, WV-KY-OH","54","West Virginia","011","Cabell","38.4102420009187","-82.432436"
"02/24/2020","AQS","540110007","1","6","ug/m3 LC","25","","1","100.0000","88101","PM2.5 - Local Conditions","26580","Huntington-Ashland, WV-KY-OH","54","West Virginia","011","Cabell","38.4102420009187","-82.432436"
"02/27/2020","AQS","540110007","1","2.7","ug/m3 LC","11","","1","100.0000","88101","PM2.5 - Local Conditions","26580","Huntington-Ashland, WV-KY-OH","54","West Virginia","011","Cabell","38.4102420009187","-82.432436"
"03/01/2020","AQS","540110007","1","4.9","ug/m3 LC","20","","1","100.0000","88101","PM2.5 - Local Conditions","26580","Huntington-Ashland, WV-KY-OH","54","West Virginia","011","Cabell","38.4102420009187","-82.432436"
"03/04/2020","AQS","540110007","1","3.3","ug/m3 LC","14","","1","100.0000","88101","PM2.5 - Local Conditions","26580","Huntington-Ashland, WV-KY-OH","54","West Virginia","011","Cabell","38.4102420009187","-82.432436"
"03/07/2020","AQS","540110007","1","3.2","ug/m3 LC","13","","1","100.0000","88101","PM2.5 - Local Conditions","26580","Huntington-Ashland, WV-KY-OH","54","West Virginia","011","Cabell","38.4102420009187","-82.432436"
"03/10/2020","AQS","540110007","1","4.7","ug/m3 LC","20","","1","100.0000","88101","PM2.5 - Local Conditions","26580","Huntington-Ashland, WV-KY-OH","54","West Virginia","011","Cabell","38.4102420009187","-82.432436"
"03/13/2020","AQS","540110007","1","3.4","ug/m3 LC","14","","1","100.0000","88101","PM2.5 - Local Conditions","26580","Huntington-Ashland, WV-KY-OH","54","West Virginia","011","Cabell","38.4102420009187","-82.432436"
"03/16/2020","AQS","540110007","1","7","ug/m3 LC","29","","1","100.0000","88101","PM2.5 - Local Conditions","26580","Huntington-Ashland, WV-KY-OH","54","West Virginia","011","Cabell","38.4102420009187","-82.432436"
"03/19/2020","AQS","540110007","1","7","ug/m3 LC","29","","1","100.0000","88101","PM2.5 - Local Conditions","26580","Huntington-Ashland, WV-KY-OH","54","West Virginia","011","Cabell","38.4102420009187","-82.432436"
"03/22/2020","AQS","540110007","1","4.5","ug/m3 LC","19","","1","100.0000","88101","PM2.5 - Local Conditions","26580","Huntington-Ashland, WV-KY-OH","54","West Virginia","011","Cabell","38.4102420009187","-82.432436"
"03/25/2020","AQS","540110007","1","9.1","ug/m3 LC","38","","1","100.0000","88101","PM2.5 - Local Conditions","26580","Huntington-Ashland, WV-KY-OH","54","West Virginia","011","Cabell","38.4102420009187","-82.432436"
"03/28/2020","AQS","540110007","1","11.3","ug/m3 LC","47","","1","100.0000","88101","PM2.5 - Local Conditions","26580","Huntington-Ashland, WV-KY-OH","54","West Virginia","011","Cabell","38.4102420009187","-82.432436"
"03/31/2020","AQS","540110007","1","3.1","ug/m3 LC","13","","1","100.0000","88101","PM2.5 - Local Conditions","26580","Huntington-Ashland, WV-KY-OH","54","West Virginia","011","Cabell","38.4102420009187","-82.432436"
"01/04/2020","AQS","540110007","2","3.9","ug/m3 LC","16","","1","100.0000","88101","PM2.5 - Local Conditions","26580","Huntington-Ashland, WV-KY-OH","54","West Virginia","011","Cabell","38.4102420009187","-82.432436"
"01/16/2020","AQS","540110007","2","4.7","ug/m3 LC","20","","1","100.0000","88101","PM2.5 - Local Conditions","26580","Huntington-Ashland, WV-KY-OH","54","West Virginia","011","Cabell","38.4102420009187","-82.432436"
"01/28/2020","AQS","540110007","2","11.1","ug/m3 LC","46","","1","100.0000","88101","PM2.5 - Local Conditions","26580","Huntington-Ashland, WV-KY-OH","54","West Virginia","011","Cabell","38.4102420009187","-82.432436"
"02/09/2020","AQS","540110007","2","5.3","ug/m3 LC","22","","1","100.0000","88101","PM2.5 - Local Conditions","26580","Huntington-Ashland, WV-KY-OH","54","West Virginia","011","Cabell","38.4102420009187","-82.432436"
"02/21/2020","AQS","540110007","2","6.5","ug/m3 LC","27","","1","100.0000","88101","PM2.5 - Local Conditions","26580","Huntington-Ashland, WV-KY-OH","54","West Virginia","011","Cabell","38.4102420009187","-82.432436"
"03/04/2020","AQS","540110007","2","3.1","ug/m3 LC","13","","1","100.0000","88101","PM2.5 - Local Conditions","26580","Huntington-Ashland, WV-KY-OH","54","West Virginia","011","Cabell","38.4102420009187","-82.432436"
"03/16/2020","AQS","540110007","2","7.5","ug/m3 LC","31","","1","100.0000","88101","PM2.5 - Local Conditions","26580","Huntington-Ashland, WV-KY-OH","54","West Virginia","011","Cabell","38.4102420009187","-82.432436"
"03/28/2020","AQS","540110007","2","11.3","ug/m3 LC","47","","1","100.0000","88101","PM2.5 - Local Conditions","26580","Huntington-Ashland, WV-KY-OH","54","West Virginia","011","Cabell","38.4102420009187","-82.432436"
"01/01/2020","AQS","540330003","1","5.8","ug/m3 LC","24","WASHINGTON IRVING JUNIOR HIGH SCHOOL","1","100.0000","88101","PM2.5 - Local Conditions","17220","Clarksburg, WV","54","West Virginia","033","Harrison","39.2781170009248","-80.34225"
"01/07/2020","AQS","540330003","1","6.9","ug/m3 LC","29","WASHINGTON IRVING JUNIOR HIGH SCHOOL","1","100.0000","88101","PM2.5 - Local Conditions","17220","Clarksburg, WV","54","West Virginia","033","Harrison","39.2781170009248","-80.34225"
"01/10/2020","AQS","540330003","1","3.5","ug/m3 LC","15","WASHINGTON IRVING JUNIOR HIGH SCHOOL","1","100.0000","88101","PM2.5 - Local Conditions","17220","Clarksburg, WV","54","West Virginia","033","Harrison","39.2781170009248","-80.34225"
"01/13/2020","AQS","540330003","1","7.2","ug/m3 LC","30","WASHINGTON IRVING JUNIOR HIGH SCHOOL","1","100.0000","88101","PM2.5 - Local Conditions","17220","Clarksburg, WV","54","West Virginia","033","Harrison","39.2781170009248","-80.34225"
"01/16/2020","AQS","540330003","1","6.7","ug/m3 LC","28","WASHINGTON IRVING JUNIOR HIGH SCHOOL","1","100.0000","88101","PM2.5 - Local Conditions","17220","Clarksburg, WV","54","West Virginia","033","Harrison","39.2781170009248","-80.34225"
"01/19/2020","AQS","540330003","1","7.6","ug/m3 LC","32","WASHINGTON IRVING JUNIOR HIGH SCHOOL","1","100.0000","88101","PM2.5 - Local Conditions","17220","Clarksburg, WV","54","West Virginia","033","Harrison","39.2781170009248","-80.34225"
"01/22/2020","AQS","540330003","1","11.4","ug/m3 LC","48","WASHINGTON IRVING JUNIOR HIGH SCHOOL","1","100.0000","88101","PM2.5 - Local Conditions","17220","Clarksburg, WV","54","West Virginia","033","Harrison","39.2781170009248","-80.34225"
"01/25/2020","AQS","540330003","1","2.3","ug/m3 LC","10","WASHINGTON IRVING JUNIOR HIGH SCHOOL","1","100.0000","88101","PM2.5 - Local Conditions","17220","Clarksburg, WV","54","West Virginia","033","Harrison","39.2781170009248","-80.34225"
"01/28/2020","AQS","540330003","1","7.9","ug/m3 LC","33","WASHINGTON IRVING JUNIOR HIGH SCHOOL","1","100.0000","88101","PM2.5 - Local Conditions","17220","Clarksburg, WV","54","West Virginia","033","Harrison","39.2781170009248","-80.34225"
"01/31/2020","AQS","540330003","1","9.4","ug/m3 LC","39","WASHINGTON IRVING JUNIOR HIGH SCHOOL","1","100.0000","88101","PM2.5 - Local Conditions","17220","Clarksburg, WV","54","West Virginia","033","Harrison","39.2781170009248","-80.34225"
"02/03/2020","AQS","540330003","1","4.6","ug/m3 LC","19","WASHINGTON IRVING JUNIOR HIGH SCHOOL","1","100.0000","88101","PM2.5 - Local Conditions","17220","Clarksburg, WV","54","West Virginia","033","Harrison","39.2781170009248","-80.34225"
"02/06/2020","AQS","540330003","1","4.5","ug/m3 LC","19","WASHINGTON IRVING JUNIOR HIGH SCHOOL","1","100.0000","88101","PM2.5 - Local Conditions","17220","Clarksburg, WV","54","West Virginia","033","Harrison","39.2781170009248","-80.34225"
"02/09/2020","AQS","540330003","1","5.8","ug/m3 LC","24","WASHINGTON IRVING JUNIOR HIGH SCHOOL","1","100.0000","88101","PM2.5 - Local Conditions","17220","Clarksburg, WV","54","West Virginia","033","Harrison","39.2781170009248","-80.34225"
"02/12/2020","AQS","540330003","1","13.2","ug/m3 LC","53","WASHINGTON IRVING JUNIOR HIGH SCHOOL","1","100.0000","88101","PM2.5 - Local Conditions","17220","Clarksburg, WV","54","West Virginia","033","Harrison","39.2781170009248","-80.34225"
"02/15/2020","AQS","540330003","1","6.5","ug/m3 LC","27","WASHINGTON IRVING JUNIOR HIGH SCHOOL","1","100.0000","88101","PM2.5 - Local Conditions","17220","Clarksburg, WV","54","West Virginia","033","Harrison","39.2781170009248","-80.34225"
"02/18/2020","AQS","540330003","1","7.3","ug/m3 LC","30","WASHINGTON IRVING JUNIOR HIGH SCHOOL","1","100.0000","88101","PM2.5 - Local Conditions","17220","Clarksburg, WV","54","West Virginia","033","Harrison","39.2781170009248","-80.34225"
"02/21/2020","AQS","540330003","1","5.9","ug/m3 LC","25","WASHINGTON IRVING JUNIOR HIGH SCHOOL","1","100.0000","88101","PM2.5 - Local Conditions","17220","Clarksburg, WV","54","West Virginia","033","Harrison","39.2781170009248","-80.34225"
"02/24/2020","AQS","540330003","1","8.7","ug/m3 LC","36","WASHINGTON IRVING JUNIOR HIGH SCHOOL","1","100.0000","88101","PM2.5 - Local Conditions","17220","Clarksburg, WV","54","West Virginia","033","Harrison","39.2781170009248","-80.34225"
"02/27/2020","AQS","540330003","1","3.3","ug/m3 LC","14","WASHINGTON IRVING JUNIOR HIGH SCHOOL","1","100.0000","88101","PM2.5 - Local Conditions","17220","Clarksburg, WV","54","West Virginia","033","Harrison","39.2781170009248","-80.34225"
"03/01/2020","AQS","540330003","1","6.4","ug/m3 LC","27","WASHINGTON IRVING JUNIOR HIGH SCHOOL","1","100.0000","88101","PM2.5 - Local Conditions","17220","Clarksburg, WV","54","West Virginia","033","Harrison","39.2781170009248","-80.34225"
"03/04/2020","AQS","540330003","1","2.6","ug/m3 LC","11","WASHINGTON IRVING JUNIOR HIGH SCHOOL","1","100.0000","88101","PM2.5 - Local Conditions","17220","Clarksburg, WV","54","West Virginia","033","Harrison","39.2781170009248","-80.34225"
"03/07/2020","AQS","540330003","1","2.8","ug/m3 LC","12","WASHINGTON IRVING JUNIOR HIGH SCHOOL","1","100.0000","88101","PM2.5 - Local Conditions","17220","Clarksburg, WV","54","West Virginia","033","Harrison","39.2781170009248","-80.34225"
"03/10/2020","AQS","540330003","1","4.4","ug/m3 LC","18","WASHINGTON IRVING JUNIOR HIGH SCHOOL","1","100.0000","88101","PM2.5 - Local Conditions","17220","Clarksburg, WV","54","West Virginia","033","Harrison","39.2781170009248","-80.34225"
"03/13/2020","AQS","540330003","1","3.5","ug/m3 LC","15","WASHINGTON IRVING JUNIOR HIGH SCHOOL","1","100.0000","88101","PM2.5 - Local Conditions","17220","Clarksburg, WV","54","West Virginia","033","Harrison","39.2781170009248","-80.34225"
"03/16/2020","AQS","540330003","1","4.1","ug/m3 LC","17","WASHINGTON IRVING JUNIOR HIGH SCHOOL","1","100.0000","88101","PM2.5 - Local Conditions","17220","Clarksburg, WV","54","West Virginia","033","Harrison","39.2781170009248","-80.34225"
"03/19/2020","AQS","540330003","1","3.6","ug/m3 LC","15","WASHINGTON IRVING JUNIOR HIGH SCHOOL","1","100.0000","88101","PM2.5 - Local Conditions","17220","Clarksburg, WV","54","West Virginia","033","Harrison","39.2781170009248","-80.34225"
"03/22/2020","AQS","540330003","1","5.2","ug/m3 LC","22","WASHINGTON IRVING JUNIOR HIGH SCHOOL","1","100.0000","88101","PM2.5 - Local Conditions","17220","Clarksburg, WV","54","West Virginia","033","Harrison","39.2781170009248","-80.34225"
"03/25/2020","AQS","540330003","1","3.3","ug/m3 LC","14","WASHINGTON IRVING JUNIOR HIGH SCHOOL","1","100.0000","88101","PM2.5 - Local Conditions","17220","Clarksburg, WV","54","West Virginia","033","Harrison","39.2781170009248","-80.34225"
"03/28/2020","AQS","540330003","1","10.3","ug/m3 LC","43","WASHINGTON IRVING JUNIOR HIGH SCHOOL","1","100.0000","88101","PM2.5 - Local Conditions","17220","Clarksburg, WV","54","West Virginia","033","Harrison","39.2781170009248","-80.34225"
"03/31/2020","AQS","540330003","1","3.2","ug/m3 LC","13","WASHINGTON IRVING JUNIOR HIGH SCHOOL","1","100.0000","88101","PM2.5 - Local Conditions","17220","Clarksburg, WV","54","West Virginia","033","Harrison","39.2781170009248","-80.34225"
"01/01/2020","AQS","540390020","1","3.3","ug/m3 LC","14","","1","100.0000","88101","PM2.5 - Local Conditions","16620","Charleston, WV","54","West Virginia","039","Kanawha","38.346258","-81.621161"
"01/04/2020","AQS","540390020","1","2.5","ug/m3 LC","10","","1","100.0000","88101","PM2.5 - Local Conditions","16620","Charleston, WV","54","West Virginia","039","Kanawha","38.346258","-81.621161"
"01/07/2020","AQS","540390020","1","4.7","ug/m3 LC","20","","1","100.0000","88101","PM2.5 - Local Conditions","16620","Charleston, WV","54","West Virginia","039","Kanawha","38.346258","-81.621161"
"01/10/2020","AQS","540390020","1","6.6","ug/m3 LC","28","","1","100.0000","88101","PM2.5 - Local Conditions","16620","Charleston, WV","54","West Virginia","039","Kanawha","38.346258","-81.621161"
"01/13/2020","AQS","540390020","1","7","ug/m3 LC","29","","1","100.0000","88101","PM2.5 - Local Conditions","16620","Charleston, WV","54","West Virginia","039","Kanawha","38.346258","-81.621161"
"01/16/2020","AQS","540390020","1","5.1","ug/m3 LC","21","","1","100.0000","88101","PM2.5 - Local Conditions","16620","Charleston, WV","54","West Virginia","039","Kanawha","38.346258","-81.621161"
"01/19/2020","AQS","540390020","1","6.2","ug/m3 LC","26","","1","100.0000","88101","PM2.5 - Local Conditions","16620","Charleston, WV","54","West Virginia","039","Kanawha","38.346258","-81.621161"
"01/22/2020","AQS","540390020","1","10.2","ug/m3 LC","43","","1","100.0000","88101","PM2.5 - Local Conditions","16620","Charleston, WV","54","West Virginia","039","Kanawha","38.346258","-81.621161"
"01/25/2020","AQS","540390020","1","2.1","ug/m3 LC","9","","1","100.0000","88101","PM2.5 - Local Conditions","16620","Charleston, WV","54","West Virginia","039","Kanawha","38.346258","-81.621161"
"01/28/2020","AQS","540390020","1","9.1","ug/m3 LC","38","","1","100.0000","88101","PM2.5 - Local Conditions","16620","Charleston, WV","54","West Virginia","039","Kanawha","38.346258","-81.621161"
"01/31/2020","AQS","540390020","1","11.7","ug/m3 LC","49","","1","100.0000","88101","PM2.5 - Local Conditions","16620","Charleston, WV","54","West Virginia","039","Kanawha","38.346258","-81.621161"
"02/03/2020","AQS","540390020","1","6.6","ug/m3 LC","28","","1","100.0000","88101","PM2.5 - Local Conditions","16620","Charleston, WV","54","West Virginia","039","Kanawha","38.346258","-81.621161"
"02/06/2020","AQS","540390020","1","2.9","ug/m3 LC","12","","1","100.0000","88101","PM2.5 - Local Conditions","16620","Charleston, WV","54","West Virginia","039","Kanawha","38.346258","-81.621161"
"02/09/2020","AQS","540390020","1","3.9","ug/m3 LC","16","","1","100.0000","88101","PM2.5 - Local Conditions","16620","Charleston, WV","54","West Virginia","039","Kanawha","38.346258","-81.621161"
"02/12/2020","AQS","540390020","1","9.9","ug/m3 LC","41","","1","100.0000","88101","PM2.5 - Local Conditions","16620","Charleston, WV","54","West Virginia","039","Kanawha","38.346258","-81.621161"
"02/15/2020","AQS","540390020","1","5.4","ug/m3 LC","23","","1","100.0000","88101","PM2.5 - Local Conditions","16620","Charleston, WV","54","West Virginia","039","Kanawha","38.346258","-81.621161"
"02/18/2020","AQS","540390020","1","8.3","ug/m3 LC","35","","1","100.0000","88101","PM2.5 - Local Conditions","16620","Charleston, WV","54","West Virginia","039","Kanawha","38.346258","-81.621161"
"02/21/2020","AQS","540390020","1","6.2","ug/m3 LC","26","","1","100.0000","88101","PM2.5 - Local Conditions","16620","Charleston, WV","54","West Virginia","039","Kanawha","38.346258","-81.621161"
"02/24/2020","AQS","540390020","1","6.2","ug/m3 LC","26","","1","100.0000","88101","PM2.5 - Local Conditions","16620","Charleston, WV","54","West Virginia","039","Kanawha","38.346258","-81.621161"
"02/27/2020","AQS","540390020","1","3.1","ug/m3 LC","13","","1","100.0000","88101","PM2.5 - Local Conditions","16620","Charleston, WV","54","West Virginia","039","Kanawha","38.346258","-81.621161"
"03/01/2020","AQS","540390020","1","5.1","ug/m3 LC","21","","1","100.0000","88101","PM2.5 - Local Conditions","16620","Charleston, WV","54","West Virginia","039","Kanawha","38.346258","-81.621161"
"03/04/2020","AQS","540390020","1","3.2","ug/m3 LC","13","","1","100.0000","88101","PM2.5 - Local Conditions","16620","Charleston, WV","54","West Virginia","039","Kanawha","38.346258","-81.621161"
"03/07/2020","AQS","540390020","1","4","ug/m3 LC","17","","1","100.0000","88101","PM2.5 - Local Conditions","16620","Charleston, WV","54","West Virginia","039","Kanawha","38.346258","-81.621161"
"03/10/2020","AQS","540390020","1","5.1","ug/m3 LC","21","","1","100.0000","88101","PM2.5 - Local Conditions","16620","Charleston, WV","54","West Virginia","039","Kanawha","38.346258","-81.621161"
"03/13/2020","AQS","540390020","1","2.4","ug/m3 LC","10","","1","100.0000","88101","PM2.5 - Local Conditions","16620","Charleston, WV","54","West Virginia","039","Kanawha","38.346258","-81.621161"
"03/16/2020","AQS","540390020","1","5.6","ug/m3 LC","23","","1","100.0000","88101","PM2.5 - Local Conditions","16620","Charleston, WV","54","West Virginia","039","Kanawha","38.346258","-81.621161"
"03/19/2020","AQS","540390020","1","8","ug/m3 LC","33","","1","100.0000","88101","PM2.5 - Local Conditions","16620","Charleston, WV","54","West Virginia","039","Kanawha","38.346258","-81.621161"
"03/22/2020","AQS","540390020","1","4.4","ug/m3 LC","18","","1","100.0000","88101","PM2.5 - Local Conditions","16620","Charleston, WV","54","West Virginia","039","Kanawha","38.346258","-81.621161"
"03/25/2020","AQS","540390020","1","9.5","ug/m3 LC","40","","1","100.0000","88101","PM2.5 - Local Conditions","16620","Charleston, WV","54","West Virginia","039","Kanawha","38.346258","-81.621161"
"03/28/2020","AQS","540390020","1","11","ug/m3 LC","46","","1","100.0000","88101","PM2.5 - Local Conditions","16620","Charleston, WV","54","West Virginia","039","Kanawha","38.346258","-81.621161"
"03/31/2020","AQS","540390020","1","3.5","ug/m3 LC","15","","1","100.0000","88101","PM2.5 - Local Conditions","16620","Charleston, WV","54","West Virginia","039","Kanawha","38.346258","-81.621161"
"01/01/2020","AQS","540390020","2","3.7","ug/m3 LC","15","","1","100.0000","88101","PM2.5 - Local Conditions","16620","Charleston, WV","54","West Virginia","039","Kanawha","38.346258","-81.621161"
"01/02/2020","AQS","540390020","2","5.8","ug/m3 LC","24","","1","100.0000","88101","PM2.5 - Local Conditions","16620","Charleston, WV","54","West Virginia","039","Kanawha","38.346258","-81.621161"
"01/03/2020","AQS","540390020","2","5.9","ug/m3 LC","25","","1","100.0000","88101","PM2.5 - Local Conditions","16620","Charleston, WV","54","West Virginia","039","Kanawha","38.346258","-81.621161"
"01/04/2020","AQS","540390020","2","3.8","ug/m3 LC","16","","1","100.0000","88101","PM2.5 - Local Conditions","16620","Charleston, WV","54","West Virginia","039","Kanawha","38.346258","-81.621161"
"01/05/2020","AQS","540390020","2","4.7","ug/m3 LC","20","","1","100.0000","88101","PM2.5 - Local Conditions","16620","Charleston, WV","54","West Virginia","039","Kanawha","38.346258","-81.621161"
"01/06/2020","AQS","540390020","2","5.2","ug/m3 LC","22","","1","100.0000","88101","PM2.5 - Local Conditions","16620","Charleston, WV","54","West Virginia","039","Kanawha","38.346258","-81.621161"
"01/07/2020","AQS","540390020","2","5.1","ug/m3 LC","21","","1","100.0000","88101","PM2.5 - Local Conditions","16620","Charleston, WV","54","West Virginia","039","Kanawha","38.346258","-81.621161"
"01/08/2020","AQS","540390020","2","4.5","ug/m3 LC","19","","1","100.0000","88101","PM2.5 - Local Conditions","16620","Charleston, WV","54","West Virginia","039","Kanawha","38.346258","-81.621161"
"01/09/2020","AQS","540390020","2","6.3","ug/m3 LC","26","","1","100.0000","88101","PM2.5 - Local Conditions","16620","Charleston, WV","54","West Virginia","039","Kanawha","38.346258","-81.621161"
"01/10/2020","AQS","540390020","2","6.9","ug/m3 LC","29","","1","100.0000","88101","PM2.5 - Local Conditions","16620","Charleston, WV","54","West Virginia","039","Kanawha","38.346258","-81.621161"
"01/11/2020","AQS","540390020","2","2.6","ug/m3 LC","11","","1","100.0000","88101","PM2.5 - Local Conditions","16620","Charleston, WV","54","West Virginia","039","Kanawha","38.346258","-81.621161"
"01/12/2020","AQS","540390020","2","2.3","ug/m3 LC","10","","1","100.0000","88101","PM2.5 - Local Conditions","16620","Charleston, WV","54","West Virginia","039","Kanawha","38.346258","-81.621161"
"01/13/2020","AQS","540390020","2","7.6","ug/m3 LC","32","","1","100.0000","88101","PM2.5 - Local Conditions","16620","Charleston, WV","54","West Virginia","039","Kanawha","38.346258","-81.621161"
"01/14/2020","AQS","540390020","2","7.9","ug/m3 LC","33","","1","100.0000","88101","PM2.5 - Local Conditions","16620","Charleston, WV","54","West Virginia","039","Kanawha","38.346258","-81.621161"
"01/15/2020","AQS","540390020","2","4.2","ug/m3 LC","18","","1","100.0000","88101","PM2.5 - Local Conditions","16620","Charleston, WV","54","West Virginia","039","Kanawha","38.346258","-81.621161"
"01/16/2020","AQS","540390020","2","6.5","ug/m3 LC","27","","1","100.0000","88101","PM2.5 - Local Conditions","16620","Charleston, WV","54","West Virginia","039","Kanawha","38.346258","-81.621161"
"01/17/2020","AQS","540390020","2","6.1","ug/m3 LC","25","","1","100.0000","88101","PM2.5 - Local Conditions","16620","Charleston, WV","54","West Virginia","039","Kanawha","38.346258","-81.621161"
"01/18/2020","AQS","540390020","2","2.9","ug/m3 LC","12","","1","100.0000","88101","PM2.5 - Local Conditions","16620","Charleston, WV","54","West Virginia","039","Kanawha","38.346258","-81.621161"
"01/19/2020","AQS","540390020","2","7.6","ug/m3 LC","32","","1","100.0000","88101","PM2.5 - Local Conditions","16620","Charleston, WV","54","West Virginia","039","Kanawha","38.346258","-81.621161"
"01/20/2020","AQS","540390020","2","9.9","ug/m3 LC","41","","1","100.0000","88101","PM2.5 - Local Conditions","16620","Charleston, WV","54","West Virginia","039","Kanawha","38.346258","-81.621161"
"01/21/2020","AQS","540390020","2","8.8","ug/m3 LC","37","","1","100.0000","88101","PM2.5 - Local Conditions","16620","Charleston, WV","54","West Virginia","039","Kanawha","38.346258","-81.621161"
"01/22/2020","AQS","540390020","2","12","ug/m3 LC","50","","1","100.0000","88101","PM2.5 - Local Conditions","16620","Charleston, WV","54","West Virginia","039","Kanawha","38.346258","-81.621161"
"01/23/2020","AQS","540390020","2","12.4","ug/m3 LC","52","","1","100.0000","88101","PM2.5 - Local Conditions","16620","Charleston, WV","54","West Virginia","039","Kanawha","38.346258","-81.621161"
"01/24/2020","AQS","540390020","2","3.1","ug/m3 LC","13","","1","100.0000","88101","PM2.5 - Local Conditions","16620","Charleston, WV","54","West Virginia","039","Kanawha","38.346258","-81.621161"
"01/25/2020","AQS","540390020","2","3.1","ug/m3 LC","13","","1","100.0000","88101","PM2.5 - Local Conditions","16620","Charleston, WV","54","West Virginia","039","Kanawha","38.346258","-81.621161"
"01/26/2020","AQS","540390020","2","6","ug/m3 LC","25","","1","100.0000","88101","PM2.5 - Local Conditions","16620","Charleston, WV","54","West Virginia","039","Kanawha","38.346258","-81.621161"
"01/27/2020","AQS","540390020","2","10.8","ug/m3 LC","45","","1","100.0000","88101","PM2.5 - Local Conditions","16620","Charleston, WV","54","West Virginia","039","Kanawha","38.346258","-81.621161"
"01/28/2020","AQS","540390020","2","9","ug/m3 LC","38","","1","100.0000","88101","PM2.5 - Local Conditions","16620","Charleston, WV","54","West Virginia","039","Kanawha","38.346258","-81.621161"
"01/29/2020","AQS","540390020","2","8","ug/m3 LC","33","","1","100.0000","88101","PM2.5 - Local Conditions","16620","Charleston, WV","54","West Virginia","039","Kanawha","38.346258","-81.621161"
"01/30/2020","AQS","540390020","2","6.1","ug/m3 LC","25","","1","100.0000","88101","PM2.5 - Local Conditions","16620","Charleston, WV","54","West Virginia","039","Kanawha","38.346258","-81.621161"
"01/31/2020","AQS","540390020","2","11.9","ug/m3 LC","50","","1","100.0000","88101","PM2.5 - Local Conditions","16620","Charleston, WV","54","West Virginia","039","Kanawha","38.346258","-81.621161"
"02/01/2020","AQS","540390020","2","8.2","ug/m3 LC","34","","1","100.0000","88101","PM2.5 - Local Conditions","16620","Charleston, WV","54","West Virginia","039","Kanawha","38.346258","-81.621161"
"02/02/2020","AQS","540390020","2","4","ug/m3 LC","17","","1","100.0000","88101","PM2.5 - Local Conditions","16620","Charleston, WV","54","West Virginia","039","Kanawha","38.346258","-81.621161"
"02/03/2020","AQS","540390020","2","7","ug/m3 LC","29","","1","100.0000","88101","PM2.5 - Local Conditions","16620","Charleston, WV","54","West Virginia","039","Kanawha","38.346258","-81.621161"
"02/04/2020","AQS","540390020","2","4.4","ug/m3 LC","18","","1","100.0000","88101","PM2.5 - Local Conditions","16620","Charleston, WV","54","West Virginia","039","Kanawha","38.346258","-81.621161"
"02/05/2020","AQS","540390020","2","3.6","ug/m3 LC","15","","1","100.0000","88101","PM2.5 - Local Conditions","16620","Charleston, WV","54","West Virginia","039","Kanawha","38.346258","-81.621161"
"02/06/2020","AQS","540390020","2","3.1","ug/m3 LC","13","","1","100.0000","88101","PM2.5 - Local Conditions","16620","Charleston, WV","54","West Virginia","039","Kanawha","38.346258","-81.621161"
"02/07/2020","AQS","540390020","2","5.2","ug/m3 LC","22","","1","100.0000","88101","PM2.5 - Local Conditions","16620","Charleston, WV","54","West Virginia","039","Kanawha","38.346258","-81.621161"
"02/08/2020","AQS","540390020","2","5.7","ug/m3 LC","24","","1","100.0000","88101","PM2.5 - Local Conditions","16620","Charleston, WV","54","West Virginia","039","Kanawha","38.346258","-81.621161"
"02/09/2020","AQS","540390020","2","5.6","ug/m3 LC","23","","1","100.0000","88101","PM2.5 - Local Conditions","16620","Charleston, WV","54","West Virginia","039","Kanawha","38.346258","-81.621161"
"02/10/2020","AQS","540390020","2","6.4","ug/m3 LC","27","","1","100.0000","88101","PM2.5 - Local Conditions","16620","Charleston, WV","54","West Virginia","039","Kanawha","38.346258","-81.621161"
"02/11/2020","AQS","540390020","2","4.9","ug/m3 LC","20","","1","100.0000","88101","PM2.5 - Local Conditions","16620","Charleston, WV","54","West Virginia","039","Kanawha","38.346258","-81.621161"
"02/12/2020","AQS","540390020","2","9.5","ug/m3 LC","40","","1","100.0000","88101","PM2.5 - Local Conditions","16620","Charleston, WV","54","West Virginia","039","Kanawha","38.346258","-81.621161"
"02/13/2020","AQS","540390020","2","3.5","ug/m3 LC","15","","1","100.0000","88101","PM2.5 - Local Conditions","16620","Charleston, WV","54","West Virginia","039","Kanawha","38.346258","-81.621161"
"02/14/2020","AQS","540390020","2","8","ug/m3 LC","33","","1","100.0000","88101","PM2.5 - Local Conditions","16620","Charleston, WV","54","West Virginia","039","Kanawha","38.346258","-81.621161"
"02/15/2020","AQS","540390020","2","6.7","ug/m3 LC","28","","1","100.0000","88101","PM2.5 - Local Conditions","16620","Charleston, WV","54","West Virginia","039","Kanawha","38.346258","-81.621161"
"02/16/2020","AQS","540390020","2","7.9","ug/m3 LC","33","","1","100.0000","88101","PM2.5 - Local Conditions","16620","Charleston, WV","54","West Virginia","039","Kanawha","38.346258","-81.621161"
"02/17/2020","AQS","540390020","2","9.2","ug/m3 LC","38","","1","100.0000","88101","PM2.5 - Local Conditions","16620","Charleston, WV","54","West Virginia","039","Kanawha","38.346258","-81.621161"
"02/18/2020","AQS","540390020","2","8.1","ug/m3 LC","34","","1","100.0000","88101","PM2.5 - Local Conditions","16620","Charleston, WV","54","West Virginia","039","Kanawha","38.346258","-81.621161"
"02/19/2020","AQS","540390020","2","10.3","ug/m3 LC","43","","1","100.0000","88101","PM2.5 - Local Conditions","16620","Charleston, WV","54","West Virginia","039","Kanawha","38.346258","-81.621161"
"02/20/2020","AQS","540390020","2","7","ug/m3 LC","29","","1","100.0000","88101","PM2.5 - Local Conditions","16620","Charleston, WV","54","West Virginia","039","Kanawha","38.346258","-81.621161"
"02/21/2020","AQS","540390020","2","8.8","ug/m3 LC","37","","1","100.0000","88101","PM2.5 - Local Conditions","16620","Charleston, WV","54","West Virginia","039","Kanawha","38.346258","-81.621161"
"02/22/2020","AQS","540390020","2","7.4","ug/m3 LC","31","","1","100.0000","88101","PM2.5 - Local Conditions","16620","Charleston, WV","54","West Virginia","039","Kanawha","38.346258","-81.621161"
"02/23/2020","AQS","540390020","2","9","ug/m3 LC","38","","1","100.0000","88101","PM2.5 - Local Conditions","16620","Charleston, WV","54","West Virginia","039","Kanawha","38.346258","-81.621161"
"02/24/2020","AQS","540390020","2","7.9","ug/m3 LC","33","","1","100.0000","88101","PM2.5 - Local Conditions","16620","Charleston, WV","54","West Virginia","039","Kanawha","38.346258","-81.621161"
"02/25/2020","AQS","540390020","2","5.2","ug/m3 LC","22","","1","100.0000","88101","PM2.5 - Local Conditions","16620","Charleston, WV","54","West Virginia","039","Kanawha","38.346258","-81.621161"
"02/26/2020","AQS","540390020","2","4.3","ug/m3 LC","18","","1","100.0000","88101","PM2.5 - Local Conditions","16620","Charleston, WV","54","West Virginia","039","Kanawha","38.346258","-81.621161"
"02/27/2020","AQS","540390020","2","4.7","ug/m3 LC","20","","1","100.0000","88101","PM2.5 - Local Conditions","16620","Charleston, WV","54","West Virginia","039","Kanawha","38.346258","-81.621161"
"02/28/2020","AQS","540390020","2","5.9","ug/m3 LC","25","","1","100.0000","88101","PM2.5 - Local Conditions","16620","Charleston, WV","54","West Virginia","039","Kanawha","38.346258","-81.621161"
"02/29/2020","AQS","540390020","2","7.3","ug/m3 LC","30","","1","100.0000","88101","PM2.5 - Local Conditions","16620","Charleston, WV","54","West Virginia","039","Kanawha","38.346258","-81.621161"
"03/01/2020","AQS","540390020","2","6.5","ug/m3 LC","27","","1","100.0000","88101","PM2.5 - Local Conditions","16620","Charleston, WV","54","West Virginia","039","Kanawha","38.346258","-81.621161"
"03/02/2020","AQS","540390020","2","9.1","ug/m3 LC","38","","1","100.0000","88101","PM2.5 - Local Conditions","16620","Charleston, WV","54","West Virginia","039","Kanawha","38.346258","-81.621161"
"03/03/2020","AQS","540390020","2","9.7","ug/m3 LC","40","","1","100.0000","88101","PM2.5 - Local Conditions","16620","Charleston, WV","54","West Virginia","039","Kanawha","38.346258","-81.621161"
"03/04/2020","AQS","540390020","2","5.5","ug/m3 LC","23","","1","100.0000","88101","PM2.5 - Local Conditions","16620","Charleston, WV","54","West Virginia","039","Kanawha","38.346258","-81.621161"
"03/05/2020","AQS","540390020","2","7","ug/m3 LC","29","","1","100.0000","88101","PM2.5 - Local Conditions","16620","Charleston, WV","54","West Virginia","039","Kanawha","38.346258","-81.621161"
"03/06/2020","AQS","540390020","2","6","ug/m3 LC","25","","1","100.0000","88101","PM2.5 - Local Conditions","16620","Charleston, WV","54","West Virginia","039","Kanawha","38.346258","-81.621161"
"03/07/2020","AQS","540390020","2","5.6","ug/m3 LC","23","","1","100.0000","88101","PM2.5 - Local Conditions","16620","Charleston, WV","54","West Virginia","039","Kanawha","38.346258","-81.621161"
"03/08/2020","AQS","540390020","2","7.5","ug/m3 LC","31","","1","100.0000","88101","PM2.5 - Local Conditions","16620","Charleston, WV","54","West Virginia","039","Kanawha","38.346258","-81.621161"
"03/09/2020","AQS","540390020","2","9","ug/m3 LC","38","","1","100.0000","88101","PM2.5 - Local Conditions","16620","Charleston, WV","54","West Virginia","039","Kanawha","38.346258","-81.621161"
"03/10/2020","AQS","540390020","2","6.1","ug/m3 LC","25","","1","100.0000","88101","PM2.5 - Local Conditions","16620","Charleston, WV","54","West Virginia","039","Kanawha","38.346258","-81.621161"
"03/11/2020","AQS","540390020","2","5.1","ug/m3 LC","21","","1","100.0000","88101","PM2.5 - Local Conditions","16620","Charleston, WV","54","West Virginia","039","Kanawha","38.346258","-81.621161"
"03/12/2020","AQS","540390020","2","6.1","ug/m3 LC","25","","1","100.0000","88101","PM2.5 - Local Conditions","16620","Charleston, WV","54","West Virginia","039","Kanawha","38.346258","-81.621161"
"03/13/2020","AQS","540390020","2","4.1","ug/m3 LC","17","","1","100.0000","88101","PM2.5 - Local Conditions","16620","Charleston, WV","54","West Virginia","039","Kanawha","38.346258","-81.621161"
"03/14/2020","AQS","540390020","2","4.5","ug/m3 LC","19","","1","100.0000","88101","PM2.5 - Local Conditions","16620","Charleston, WV","54","West Virginia","039","Kanawha","38.346258","-81.621161"
"03/15/2020","AQS","540390020","2","6.6","ug/m3 LC","28","","1","100.0000","88101","PM2.5 - Local Conditions","16620","Charleston, WV","54","West Virginia","039","Kanawha","38.346258","-81.621161"
"03/16/2020","AQS","540390020","2","6.4","ug/m3 LC","27","","1","100.0000","88101","PM2.5 - Local Conditions","16620","Charleston, WV","54","West Virginia","039","Kanawha","38.346258","-81.621161"
"03/17/2020","AQS","540390020","2","7.5","ug/m3 LC","31","","1","100.0000","88101","PM2.5 - Local Conditions","16620","Charleston, WV","54","West Virginia","039","Kanawha","38.346258","-81.621161"
"03/18/2020","AQS","540390020","2","6","ug/m3 LC","25","","1","100.0000","88101","PM2.5 - Local Conditions","16620","Charleston, WV","54","West Virginia","039","Kanawha","38.346258","-81.621161"
"03/19/2020","AQS","540390020","2","8.5","ug/m3 LC","35","","1","100.0000","88101","PM2.5 - Local Conditions","16620","Charleston, WV","54","West Virginia","039","Kanawha","38.346258","-81.621161"
"03/20/2020","AQS","540390020","2","6.2","ug/m3 LC","26","","1","100.0000","88101","PM2.5 - Local Conditions","16620","Charleston, WV","54","West Virginia","039","Kanawha","38.346258","-81.621161"
"03/21/2020","AQS","540390020","2","4.5","ug/m3 LC","19","","1","100.0000","88101","PM2.5 - Local Conditions","16620","Charleston, WV","54","West Virginia","039","Kanawha","38.346258","-81.621161"
"03/22/2020","AQS","540390020","2","4.5","ug/m3 LC","19","","1","100.0000","88101","PM2.5 - Local Conditions","16620","Charleston, WV","54","West Virginia","039","Kanawha","38.346258","-81.621161"
"03/23/2020","AQS","540390020","2","4.8","ug/m3 LC","20","","1","100.0000","88101","PM2.5 - Local Conditions","16620","Charleston, WV","54","West Virginia","039","Kanawha","38.346258","-81.621161"
"03/24/2020","AQS","540390020","2","6.1","ug/m3 LC","25","","1","100.0000","88101","PM2.5 - Local Conditions","16620","Charleston, WV","54","West Virginia","039","Kanawha","38.346258","-81.621161"
"03/25/2020","AQS","540390020","2","11","ug/m3 LC","46","","1","100.0000","88101","PM2.5 - Local Conditions","16620","Charleston, WV","54","West Virginia","039","Kanawha","38.346258","-81.621161"
"03/26/2020","AQS","540390020","2","7.5","ug/m3 LC","31","","1","100.0000","88101","PM2.5 - Local Conditions","16620","Charleston, WV","54","West Virginia","039","Kanawha","38.346258","-81.621161"
"03/27/2020","AQS","540390020","2","6","ug/m3 LC","25","","1","100.0000","88101","PM2.5 - Local Conditions","16620","Charleston, WV","54","West Virginia","039","Kanawha","38.346258","-81.621161"
"03/28/2020","AQS","540390020","2","10.6","ug/m3 LC","44","","1","100.0000","88101","PM2.5 - Local Conditions","16620","Charleston, WV","54","West Virginia","039","Kanawha","38.346258","-81.621161"
"03/29/2020","AQS","540390020","2","7.4","ug/m3 LC","31","","1","100.0000","88101","PM2.5 - Local Conditions","16620","Charleston, WV","54","West Virginia","039","Kanawha","38.346258","-81.621161"
"03/30/2020","AQS","540390020","2","2.4","ug/m3 LC","10","","1","100.0000","88101","PM2.5 - Local Conditions","16620","Charleston, WV","54","West Virginia","039","Kanawha","38.346258","-81.621161"
"03/31/2020","AQS","540390020","2","4.5","ug/m3 LC","19","","1","100.0000","88101","PM2.5 - Local Conditions","16620","Charleston, WV","54","West Virginia","039","Kanawha","38.346258","-81.621161"
"04/01/2020","AirNow","540390020","2","5.8","ug/m3 LC","24","","1","100.0000","88101","PM2.5 - Local Conditions","16620","Charleston, WV","54","West Virginia","039","Kanawha","38.346258","-81.621161"
"04/02/2020","AirNow","540390020","2","5.8","ug/m3 LC","24","","1","100.0000","88101","PM2.5 - Local Conditions","16620","Charleston, WV","54","West Virginia","039","Kanawha","38.346258","-81.621161"
"04/03/2020","AirNow","540390020","2","6.8","ug/m3 LC","28","","1","100.0000","88101","PM2.5 - Local Conditions","16620","Charleston, WV","54","West Virginia","039","Kanawha","38.346258","-81.621161"
"04/04/2020","AirNow","540390020","2","10","ug/m3 LC","42","","1","100.0000","88101","PM2.5 - Local Conditions","16620","Charleston, WV","54","West Virginia","039","Kanawha","38.346258","-81.621161"
"04/05/2020","AirNow","540390020","2","10.6","ug/m3 LC","44","","1","100.0000","88101","PM2.5 - Local Conditions","16620","Charleston, WV","54","West Virginia","039","Kanawha","38.346258","-81.621161"
"04/06/2020","AirNow","540390020","2","9.5","ug/m3 LC","40","","1","100.0000","88101","PM2.5 - Local Conditions","16620","Charleston, WV","54","West Virginia","039","Kanawha","38.346258","-81.621161"
"04/07/2020","AirNow","540390020","2","9","ug/m3 LC","38","","1","100.0000","88101","PM2.5 - Local Conditions","16620","Charleston, WV","54","West Virginia","039","Kanawha","38.346258","-81.621161"
"04/08/2020","AirNow","540390020","2","6.8","ug/m3 LC","28","","1","100.0000","88101","PM2.5 - Local Conditions","16620","Charleston, WV","54","West Virginia","039","Kanawha","38.346258","-81.621161"
"04/09/2020","AirNow","540390020","2","4.2","ug/m3 LC","18","","1","100.0000","88101","PM2.5 - Local Conditions","16620","Charleston, WV","54","West Virginia","039","Kanawha","38.346258","-81.621161"
"04/10/2020","AirNow","540390020","2","4.7","ug/m3 LC","20","","1","100.0000","88101","PM2.5 - Local Conditions","16620","Charleston, WV","54","West Virginia","039","Kanawha","38.346258","-81.621161"
"04/11/2020","AirNow","540390020","2","7.5","ug/m3 LC","31","","1","100.0000","88101","PM2.5 - Local Conditions","16620","Charleston, WV","54","West Virginia","039","Kanawha","38.346258","-81.621161"
"04/12/2020","AirNow","540390020","2","6.2","ug/m3 LC","26","","1","100.0000","88101","PM2.5 - Local Conditions","16620","Charleston, WV","54","West Virginia","039","Kanawha","38.346258","-81.621161"
"04/13/2020","AirNow","540390020","2","2.3","ug/m3 LC","10","","1","100.0000","88101","PM2.5 - Local Conditions","16620","Charleston, WV","54","West Virginia","039","Kanawha","38.346258","-81.621161"
"04/14/2020","AirNow","540390020","2","4.6","ug/m3 LC","19","","1","100.0000","88101","PM2.5 - Local Conditions","16620","Charleston, WV","54","West Virginia","039","Kanawha","38.346258","-81.621161"
"04/15/2020","AirNow","540390020","2","7","ug/m3 LC","29","","1","100.0000","88101","PM2.5 - Local Conditions","16620","Charleston, WV","54","West Virginia","039","Kanawha","38.346258","-81.621161"
"04/16/2020","AirNow","540390020","2","7.7","ug/m3 LC","32","","1","100.0000","88101","PM2.5 - Local Conditions","16620","Charleston, WV","54","West Virginia","039","Kanawha","38.346258","-81.621161"
"04/17/2020","AirNow","540390020","2","7.9","ug/m3 LC","33","","1","100.0000","88101","PM2.5 - Local Conditions","16620","Charleston, WV","54","West Virginia","039","Kanawha","38.346258","-81.621161"
"04/18/2020","AirNow","540390020","2","7","ug/m3 LC","29","","1","100.0000","88101","PM2.5 - Local Conditions","16620","Charleston, WV","54","West Virginia","039","Kanawha","38.346258","-81.621161"
"04/19/2020","AirNow","540390020","2","4.7","ug/m3 LC","20","","1","100.0000","88101","PM2.5 - Local Conditions","16620","Charleston, WV","54","West Virginia","039","Kanawha","38.346258","-81.621161"
"04/20/2020","AirNow","540390020","2","7.5","ug/m3 LC","31","","1","100.0000","88101","PM2.5 - Local Conditions","16620","Charleston, WV","54","West Virginia","039","Kanawha","38.346258","-81.621161"
"04/21/2020","AirNow","540390020","2","5.5","ug/m3 LC","23","","1","100.0000","88101","PM2.5 - Local Conditions","16620","Charleston, WV","54","West Virginia","039","Kanawha","38.346258","-81.621161"
"04/22/2020","AirNow","540390020","2","6.5","ug/m3 LC","27","","1","100.0000","88101","PM2.5 - Local Conditions","16620","Charleston, WV","54","West Virginia","039","Kanawha","38.346258","-81.621161"
"04/23/2020","AirNow","540390020","2","6.6","ug/m3 LC","28","","1","100.0000","88101","PM2.5 - Local Conditions","16620","Charleston, WV","54","West Virginia","039","Kanawha","38.346258","-81.621161"
"04/24/2020","AirNow","540390020","2","9.5","ug/m3 LC","40","","1","100.0000","88101","PM2.5 - Local Conditions","16620","Charleston, WV","54","West Virginia","039","Kanawha","38.346258","-81.621161"
"04/25/2020","AirNow","540390020","2","4.7","ug/m3 LC","20","","1","100.0000","88101","PM2.5 - Local Conditions","16620","Charleston, WV","54","West Virginia","039","Kanawha","38.346258","-81.621161"
"04/26/2020","AirNow","540390020","2","2.1","ug/m3 LC","9","","1","100.0000","88101","PM2.5 - Local Conditions","16620","Charleston, WV","54","West Virginia","039","Kanawha","38.346258","-81.621161"
"04/27/2020","AirNow","540390020","2","4.9","ug/m3 LC","20","","1","100.0000","88101","PM2.5 - Local Conditions","16620","Charleston, WV","54","West Virginia","039","Kanawha","38.346258","-81.621161"
"04/28/2020","AirNow","540390020","2","7.2","ug/m3 LC","30","","1","100.0000","88101","PM2.5 - Local Conditions","16620","Charleston, WV","54","West Virginia","039","Kanawha","38.346258","-81.621161"
"04/29/2020","AirNow","540390020","2","5.8","ug/m3 LC","24","","1","100.0000","88101","PM2.5 - Local Conditions","16620","Charleston, WV","54","West Virginia","039","Kanawha","38.346258","-81.621161"
"04/30/2020","AirNow","540390020","2","1.7","ug/m3 LC","7","","1","100.0000","88101","PM2.5 - Local Conditions","16620","Charleston, WV","54","West Virginia","039","Kanawha","38.346258","-81.621161"
"05/01/2020","AirNow","540390020","2","3.5","ug/m3 LC","15","","1","100.0000","88101","PM2.5 - Local Conditions","16620","Charleston, WV","54","West Virginia","039","Kanawha","38.346258","-81.621161"
"05/02/2020","AirNow","540390020","2","5.7","ug/m3 LC","24","","1","100.0000","88101","PM2.5 - Local Conditions","16620","Charleston, WV","54","West Virginia","039","Kanawha","38.346258","-81.621161"
"05/03/2020","AirNow","540390020","2","11.1","ug/m3 LC","46","","1","100.0000","88101","PM2.5 - Local Conditions","16620","Charleston, WV","54","West Virginia","039","Kanawha","38.346258","-81.621161"
"05/04/2020","AirNow","540390020","2","6.5","ug/m3 LC","27","","1","100.0000","88101","PM2.5 - Local Conditions","16620","Charleston, WV","54","West Virginia","039","Kanawha","38.346258","-81.621161"
"05/05/2020","AirNow","540390020","2","3.7","ug/m3 LC","15","","1","100.0000","88101","PM2.5 - Local Conditions","16620","Charleston, WV","54","West Virginia","039","Kanawha","38.346258","-81.621161"
"05/06/2020","AirNow","540390020","2","5.9","ug/m3 LC","25","","1","100.0000","88101","PM2.5 - Local Conditions","16620","Charleston, WV","54","West Virginia","039","Kanawha","38.346258","-81.621161"
"05/07/2020","AirNow","540390020","2","4.5","ug/m3 LC","19","","1","100.0000","88101","PM2.5 - Local Conditions","16620","Charleston, WV","54","West Virginia","039","Kanawha","38.346258","-81.621161"
"05/08/2020","AirNow","540390020","2","5.5","ug/m3 LC","23","","1","100.0000","88101","PM2.5 - Local Conditions","16620","Charleston, WV","54","West Virginia","039","Kanawha","38.346258","-81.621161"
"05/09/2020","AirNow","540390020","2","4.1","ug/m3 LC","17","","1","100.0000","88101","PM2.5 - Local Conditions","16620","Charleston, WV","54","West Virginia","039","Kanawha","38.346258","-81.621161"
"05/10/2020","AirNow","540390020","2","4.1","ug/m3 LC","17","","1","100.0000","88101","PM2.5 - Local Conditions","16620","Charleston, WV","54","West Virginia","039","Kanawha","38.346258","-81.621161"
"05/11/2020","AirNow","540390020","2","3.5","ug/m3 LC","15","","1","100.0000","88101","PM2.5 - Local Conditions","16620","Charleston, WV","54","West Virginia","039","Kanawha","38.346258","-81.621161"
"05/12/2020","AirNow","540390020","2","4","ug/m3 LC","17","","1","100.0000","88101","PM2.5 - Local Conditions","16620","Charleston, WV","54","West Virginia","039","Kanawha","38.346258","-81.621161"
"05/13/2020","AirNow","540390020","2","6.2","ug/m3 LC","26","","1","100.0000","88101","PM2.5 - Local Conditions","16620","Charleston, WV","54","West Virginia","039","Kanawha","38.346258","-81.621161"
"05/14/2020","AirNow","540390020","2","9.4","ug/m3 LC","39","","1","100.0000","88101","PM2.5 - Local Conditions","16620","Charleston, WV","54","West Virginia","039","Kanawha","38.346258","-81.621161"
"05/15/2020","AirNow","540390020","2","7.7","ug/m3 LC","32","","1","100.0000","88101","PM2.5 - Local Conditions","16620","Charleston, WV","54","West Virginia","039","Kanawha","38.346258","-81.621161"
"05/16/2020","AirNow","540390020","2","8","ug/m3 LC","33","","1","100.0000","88101","PM2.5 - Local Conditions","16620","Charleston, WV","54","West Virginia","039","Kanawha","38.346258","-81.621161"
"05/17/2020","AirNow","540390020","2","7.7","ug/m3 LC","32","","1","100.0000","88101","PM2.5 - Local Conditions","16620","Charleston, WV","54","West Virginia","039","Kanawha","38.346258","-81.621161"
"05/18/2020","AirNow","540390020","2","7.5","ug/m3 LC","31","","1","100.0000","88101","PM2.5 - Local Conditions","16620","Charleston, WV","54","West Virginia","039","Kanawha","38.346258","-81.621161"
"05/19/2020","AirNow","540390020","2","3.5","ug/m3 LC","15","","1","100.0000","88101","PM2.5 - Local Conditions","16620","Charleston, WV","54","West Virginia","039","Kanawha","38.346258","-81.621161"
"05/20/2020","AirNow","540390020","2","1.6","ug/m3 LC","7","","1","100.0000","88101","PM2.5 - Local Conditions","16620","Charleston, WV","54","West Virginia","039","Kanawha","38.346258","-81.621161"
"05/21/2020","AirNow","540390020","2","2.7","ug/m3 LC","11","","1","100.0000","88101","PM2.5 - Local Conditions","16620","Charleston, WV","54","West Virginia","039","Kanawha","38.346258","-81.621161"
"05/22/2020","AirNow","540390020","2","2.8","ug/m3 LC","12","","1","100.0000","88101","PM2.5 - Local Conditions","16620","Charleston, WV","54","West Virginia","039","Kanawha","38.346258","-81.621161"
"05/23/2020","AirNow","540390020","2","6.8","ug/m3 LC","28","","1","100.0000","88101","PM2.5 - Local Conditions","16620","Charleston, WV","54","West Virginia","039","Kanawha","38.346258","-81.621161"
"05/24/2020","AirNow","540390020","2","9.5","ug/m3 LC","40","","1","100.0000","88101","PM2.5 - Local Conditions","16620","Charleston, WV","54","West Virginia","039","Kanawha","38.346258","-81.621161"
"05/25/2020","AirNow","540390020","2","6.3","ug/m3 LC","26","","1","100.0000","88101","PM2.5 - Local Conditions","16620","Charleston, WV","54","West Virginia","039","Kanawha","38.346258","-81.621161"
"05/26/2020","AirNow","540390020","2","5.8","ug/m3 LC","24","","1","100.0000","88101","PM2.5 - Local Conditions","16620","Charleston, WV","54","West Virginia","039","Kanawha","38.346258","-81.621161"
"05/27/2020","AirNow","540390020","2","3.5","ug/m3 LC","15","","1","100.0000","88101","PM2.5 - Local Conditions","16620","Charleston, WV","54","West Virginia","039","Kanawha","38.346258","-81.621161"
"05/28/2020","AirNow","540390020","2","2.2","ug/m3 LC","9","","1","100.0000","88101","PM2.5 - Local Conditions","16620","Charleston, WV","54","West Virginia","039","Kanawha","38.346258","-81.621161"
"05/29/2020","AirNow","540390020","2","4.7","ug/m3 LC","20","","1","100.0000","88101","PM2.5 - Local Conditions","16620","Charleston, WV","54","West Virginia","039","Kanawha","38.346258","-81.621161"
"01/01/2020","AQS","540391005","1","5.3","ug/m3 LC","22","","1","100.0000","88101","PM2.5 - Local Conditions","16620","Charleston, WV","54","West Virginia","039","Kanawha","38.3661830009184","-81.693717"
"01/04/2020","AQS","540391005","1","2.5","ug/m3 LC","10","","1","100.0000","88101","PM2.5 - Local Conditions","16620","Charleston, WV","54","West Virginia","039","Kanawha","38.3661830009184","-81.693717"
"01/07/2020","AQS","540391005","1","5.6","ug/m3 LC","23","","1","100.0000","88101","PM2.5 - Local Conditions","16620","Charleston, WV","54","West Virginia","039","Kanawha","38.3661830009184","-81.693717"
"01/10/2020","AQS","540391005","1","7.3","ug/m3 LC","30","","1","100.0000","88101","PM2.5 - Local Conditions","16620","Charleston, WV","54","West Virginia","039","Kanawha","38.3661830009184","-81.693717"
"01/13/2020","AQS","540391005","1","8.3","ug/m3 LC","35","","1","100.0000","88101","PM2.5 - Local Conditions","16620","Charleston, WV","54","West Virginia","039","Kanawha","38.3661830009184","-81.693717"
"01/16/2020","AQS","540391005","1","4.8","ug/m3 LC","20","","1","100.0000","88101","PM2.5 - Local Conditions","16620","Charleston, WV","54","West Virginia","039","Kanawha","38.3661830009184","-81.693717"
"01/19/2020","AQS","540391005","1","7.2","ug/m3 LC","30","","1","100.0000","88101","PM2.5 - Local Conditions","16620","Charleston, WV","54","West Virginia","039","Kanawha","38.3661830009184","-81.693717"
"01/22/2020","AQS","540391005","1","12.1","ug/m3 LC","51","","1","100.0000","88101","PM2.5 - Local Conditions","16620","Charleston, WV","54","West Virginia","039","Kanawha","38.3661830009184","-81.693717"
"01/25/2020","AQS","540391005","1","1.9","ug/m3 LC","8","","1","100.0000","88101","PM2.5 - Local Conditions","16620","Charleston, WV","54","West Virginia","039","Kanawha","38.3661830009184","-81.693717"
"01/28/2020","AQS","540391005","1","8.3","ug/m3 LC","35","","1","100.0000","88101","PM2.5 - Local Conditions","16620","Charleston, WV","54","West Virginia","039","Kanawha","38.3661830009184","-81.693717"
"01/31/2020","AQS","540391005","1","13.5","ug/m3 LC","54","","1","100.0000","88101","PM2.5 - Local Conditions","16620","Charleston, WV","54","West Virginia","039","Kanawha","38.3661830009184","-81.693717"
"02/03/2020","AQS","540391005","1","6.2","ug/m3 LC","26","","1","100.0000","88101","PM2.5 - Local Conditions","16620","Charleston, WV","54","West Virginia","039","Kanawha","38.3661830009184","-81.693717"
"02/06/2020","AQS","540391005","1","4.1","ug/m3 LC","17","","1","100.0000","88101","PM2.5 - Local Conditions","16620","Charleston, WV","54","West Virginia","039","Kanawha","38.3661830009184","-81.693717"
"02/09/2020","AQS","540391005","1","6.2","ug/m3 LC","26","","1","100.0000","88101","PM2.5 - Local Conditions","16620","Charleston, WV","54","West Virginia","039","Kanawha","38.3661830009184","-81.693717"
"02/12/2020","AQS","540391005","1","12","ug/m3 LC","50","","1","100.0000","88101","PM2.5 - Local Conditions","16620","Charleston, WV","54","West Virginia","039","Kanawha","38.3661830009184","-81.693717"
"02/15/2020","AQS","540391005","1","6.6","ug/m3 LC","28","","1","100.0000","88101","PM2.5 - Local Conditions","16620","Charleston, WV","54","West Virginia","039","Kanawha","38.3661830009184","-81.693717"
"02/18/2020","AQS","540391005","1","10.5","ug/m3 LC","44","","1","100.0000","88101","PM2.5 - Local Conditions","16620","Charleston, WV","54","West Virginia","039","Kanawha","38.3661830009184","-81.693717"
"02/21/2020","AQS","540391005","1","6.4","ug/m3 LC","27","","1","100.0000","88101","PM2.5 - Local Conditions","16620","Charleston, WV","54","West Virginia","039","Kanawha","38.3661830009184","-81.693717"
"02/24/2020","AQS","540391005","1","7.6","ug/m3 LC","32","","1","100.0000","88101","PM2.5 - Local Conditions","16620","Charleston, WV","54","West Virginia","039","Kanawha","38.3661830009184","-81.693717"
"02/27/2020","AQS","540391005","1","3.1","ug/m3 LC","13","","1","100.0000","88101","PM2.5 - Local Conditions","16620","Charleston, WV","54","West Virginia","039","Kanawha","38.3661830009184","-81.693717"
"03/01/2020","AQS","540391005","1","6.3","ug/m3 LC","26","","1","100.0000","88101","PM2.5 - Local Conditions","16620","Charleston, WV","54","West Virginia","039","Kanawha","38.3661830009184","-81.693717"
"03/04/2020","AQS","540391005","1","3.5","ug/m3 LC","15","","1","100.0000","88101","PM2.5 - Local Conditions","16620","Charleston, WV","54","West Virginia","039","Kanawha","38.3661830009184","-81.693717"
"03/07/2020","AQS","540391005","1","4.7","ug/m3 LC","20","","1","100.0000","88101","PM2.5 - Local Conditions","16620","Charleston, WV","54","West Virginia","039","Kanawha","38.3661830009184","-81.693717"
"03/10/2020","AQS","540391005","1","6","ug/m3 LC","25","","1","100.0000","88101","PM2.5 - Local Conditions","16620","Charleston, WV","54","West Virginia","039","Kanawha","38.3661830009184","-81.693717"
"03/13/2020","AQS","540391005","1","2.9","ug/m3 LC","12","","1","100.0000","88101","PM2.5 - Local Conditions","16620","Charleston, WV","54","West Virginia","039","Kanawha","38.3661830009184","-81.693717"
"03/16/2020","AQS","540391005","1","5.7","ug/m3 LC","24","","1","100.0000","88101","PM2.5 - Local Conditions","16620","Charleston, WV","54","West Virginia","039","Kanawha","38.3661830009184","-81.693717"
"03/19/2020","AQS","540391005","1","7.8","ug/m3 LC","33","","1","100.0000","88101","PM2.5 - Local Conditions","16620","Charleston, WV","54","West Virginia","039","Kanawha","38.3661830009184","-81.693717"
"03/22/2020","AQS","540391005","1","4.7","ug/m3 LC","20","","1","100.0000","88101","PM2.5 - Local Conditions","16620","Charleston, WV","54","West Virginia","039","Kanawha","38.3661830009184","-81.693717"
"03/25/2020","AQS","540391005","1","9.7","ug/m3 LC","40","","1","100.0000","88101","PM2.5 - Local Conditions","16620","Charleston, WV","54","West Virginia","039","Kanawha","38.3661830009184","-81.693717"
"03/28/2020","AQS","540391005","1","11.1","ug/m3 LC","46","","1","100.0000","88101","PM2.5 - Local Conditions","16620","Charleston, WV","54","West Virginia","039","Kanawha","38.3661830009184","-81.693717"
"03/31/2020","AQS","540391005","1","3.6","ug/m3 LC","15","","1","100.0000","88101","PM2.5 - Local Conditions","16620","Charleston, WV","54","West Virginia","039","Kanawha","38.3661830009184","-81.693717"
"01/01/2020","AQS","540490006","1","6","ug/m3 LC","25","MARION HEALTH CARE HOSPITAL","1","100.0000","88101","PM2.5 - Local Conditions","21900","Fairmont, WV","54","West Virginia","049","Marion","39.4814830009261","-80.134667"
"01/07/2020","AQS","540490006","1","8.3","ug/m3 LC","35","MARION HEALTH CARE HOSPITAL","1","100.0000","88101","PM2.5 - Local Conditions","21900","Fairmont, WV","54","West Virginia","049","Marion","39.4814830009261","-80.134667"
"01/10/2020","AQS","540490006","1","4.7","ug/m3 LC","20","MARION HEALTH CARE HOSPITAL","1","100.0000","88101","PM2.5 - Local Conditions","21900","Fairmont, WV","54","West Virginia","049","Marion","39.4814830009261","-80.134667"
"01/13/2020","AQS","540490006","1","8.5","ug/m3 LC","35","MARION HEALTH CARE HOSPITAL","1","100.0000","88101","PM2.5 - Local Conditions","21900","Fairmont, WV","54","West Virginia","049","Marion","39.4814830009261","-80.134667"
"01/16/2020","AQS","540490006","1","5.6","ug/m3 LC","23","MARION HEALTH CARE HOSPITAL","1","100.0000","88101","PM2.5 - Local Conditions","21900","Fairmont, WV","54","West Virginia","049","Marion","39.4814830009261","-80.134667"
"01/19/2020","AQS","540490006","1","7","ug/m3 LC","29","MARION HEALTH CARE HOSPITAL","1","100.0000","88101","PM2.5 - Local Conditions","21900","Fairmont, WV","54","West Virginia","049","Marion","39.4814830009261","-80.134667"
"01/22/2020","AQS","540490006","1","13.9","ug/m3 LC","55","MARION HEALTH CARE HOSPITAL","1","100.0000","88101","PM2.5 - Local Conditions","21900","Fairmont, WV","54","West Virginia","049","Marion","39.4814830009261","-80.134667"
"01/25/2020","AQS","540490006","1","2.8","ug/m3 LC","12","MARION HEALTH CARE HOSPITAL","1","100.0000","88101","PM2.5 - Local Conditions","21900","Fairmont, WV","54","West Virginia","049","Marion","39.4814830009261","-80.134667"
"01/28/2020","AQS","540490006","1","8.7","ug/m3 LC","36","MARION HEALTH CARE HOSPITAL","1","100.0000","88101","PM2.5 - Local Conditions","21900","Fairmont, WV","54","West Virginia","049","Marion","39.4814830009261","-80.134667"
"01/31/2020","AQS","540490006","1","11.9","ug/m3 LC","50","MARION HEALTH CARE HOSPITAL","1","100.0000","88101","PM2.5 - Local Conditions","21900","Fairmont, WV","54","West Virginia","049","Marion","39.4814830009261","-80.134667"
"02/03/2020","AQS","540490006","1","5.3","ug/m3 LC","22","MARION HEALTH CARE HOSPITAL","1","100.0000","88101","PM2.5 - Local Conditions","21900","Fairmont, WV","54","West Virginia","049","Marion","39.4814830009261","-80.134667"
"02/06/2020","AQS","540490006","1","4.7","ug/m3 LC","20","MARION HEALTH CARE HOSPITAL","1","100.0000","88101","PM2.5 - Local Conditions","21900","Fairmont, WV","54","West Virginia","049","Marion","39.4814830009261","-80.134667"
"02/09/2020","AQS","540490006","1","7","ug/m3 LC","29","MARION HEALTH CARE HOSPITAL","1","100.0000","88101","PM2.5 - Local Conditions","21900","Fairmont, WV","54","West Virginia","049","Marion","39.4814830009261","-80.134667"
"02/12/2020","AQS","540490006","1","12.2","ug/m3 LC","51","MARION HEALTH CARE HOSPITAL","1","100.0000","88101","PM2.5 - Local Conditions","21900","Fairmont, WV","54","West Virginia","049","Marion","39.4814830009261","-80.134667"
"02/15/2020","AQS","540490006","1","6.6","ug/m3 LC","28","MARION HEALTH CARE HOSPITAL","1","100.0000","88101","PM2.5 - Local Conditions","21900","Fairmont, WV","54","West Virginia","049","Marion","39.4814830009261","-80.134667"
"02/18/2020","AQS","540490006","1","7","ug/m3 LC","29","MARION HEALTH CARE HOSPITAL","1","100.0000","88101","PM2.5 - Local Conditions","21900","Fairmont, WV","54","West Virginia","049","Marion","39.4814830009261","-80.134667"
"02/21/2020","AQS","540490006","1","6.1","ug/m3 LC","25","MARION HEALTH CARE HOSPITAL","1","100.0000","88101","PM2.5 - Local Conditions","21900","Fairmont, WV","54","West Virginia","049","Marion","39.4814830009261","-80.134667"
"02/24/2020","AQS","540490006","1","10.7","ug/m3 LC","45","MARION HEALTH CARE HOSPITAL","1","100.0000","88101","PM2.5 - Local Conditions","21900","Fairmont, WV","54","West Virginia","049","Marion","39.4814830009261","-80.134667"
"02/27/2020","AQS","540490006","1","3.7","ug/m3 LC","15","MARION HEALTH CARE HOSPITAL","1","100.0000","88101","PM2.5 - Local Conditions","21900","Fairmont, WV","54","West Virginia","049","Marion","39.4814830009261","-80.134667"
"03/01/2020","AQS","540490006","1","6.9","ug/m3 LC","29","MARION HEALTH CARE HOSPITAL","1","100.0000","88101","PM2.5 - Local Conditions","21900","Fairmont, WV","54","West Virginia","049","Marion","39.4814830009261","-80.134667"
"03/04/2020","AQS","540490006","1","3.8","ug/m3 LC","16","MARION HEALTH CARE HOSPITAL","1","100.0000","88101","PM2.5 - Local Conditions","21900","Fairmont, WV","54","West Virginia","049","Marion","39.4814830009261","-80.134667"
"03/07/2020","AQS","540490006","1","3.5","ug/m3 LC","15","MARION HEALTH CARE HOSPITAL","1","100.0000","88101","PM2.5 - Local Conditions","21900","Fairmont, WV","54","West Virginia","049","Marion","39.4814830009261","-80.134667"
"03/10/2020","AQS","540490006","1","5.6","ug/m3 LC","23","MARION HEALTH CARE HOSPITAL","1","100.0000","88101","PM2.5 - Local Conditions","21900","Fairmont, WV","54","West Virginia","049","Marion","39.4814830009261","-80.134667"
"03/13/2020","AQS","540490006","1","4.3","ug/m3 LC","18","MARION HEALTH CARE HOSPITAL","1","100.0000","88101","PM2.5 - Local Conditions","21900","Fairmont, WV","54","West Virginia","049","Marion","39.4814830009261","-80.134667"
"03/16/2020","AQS","540490006","1","6.3","ug/m3 LC","26","MARION HEALTH CARE HOSPITAL","1","100.0000","88101","PM2.5 - Local Conditions","21900","Fairmont, WV","54","West Virginia","049","Marion","39.4814830009261","-80.134667"
"03/19/2020","AQS","540490006","1","4.1","ug/m3 LC","17","MARION HEALTH CARE HOSPITAL","1","100.0000","88101","PM2.5 - Local Conditions","21900","Fairmont, WV","54","West Virginia","049","Marion","39.4814830009261","-80.134667"
"03/22/2020","AQS","540490006","1","5.9","ug/m3 LC","25","MARION HEALTH CARE HOSPITAL","1","100.0000","88101","PM2.5 - Local Conditions","21900","Fairmont, WV","54","West Virginia","049","Marion","39.4814830009261","-80.134667"
"01/01/2020","AQS","540610003","1","4.3","ug/m3 LC","18","","1","100.0000","88101","PM2.5 - Local Conditions","34060","Morgantown, WV","54","West Virginia","061","Monongalia","39.6493670009271","-79.920867"
"01/07/2020","AQS","540610003","1","4.8","ug/m3 LC","20","","1","100.0000","88101","PM2.5 - Local Conditions","34060","Morgantown, WV","54","West Virginia","061","Monongalia","39.6493670009271","-79.920867"
"01/10/2020","AQS","540610003","1","4.1","ug/m3 LC","17","","1","100.0000","88101","PM2.5 - Local Conditions","34060","Morgantown, WV","54","West Virginia","061","Monongalia","39.6493670009271","-79.920867"
"01/13/2020","AQS","540610003","1","6.2","ug/m3 LC","26","","1","100.0000","88101","PM2.5 - Local Conditions","34060","Morgantown, WV","54","West Virginia","061","Monongalia","39.6493670009271","-79.920867"
"01/16/2020","AQS","540610003","1","6","ug/m3 LC","25","","1","100.0000","88101","PM2.5 - Local Conditions","34060","Morgantown, WV","54","West Virginia","061","Monongalia","39.6493670009271","-79.920867"
"01/19/2020","AQS","540610003","1","7.7","ug/m3 LC","32","","1","100.0000","88101","PM2.5 - Local Conditions","34060","Morgantown, WV","54","West Virginia","061","Monongalia","39.6493670009271","-79.920867"
"01/22/2020","AQS","540610003","1","21.2","ug/m3 LC","70","","1","100.0000","88101","PM2.5 - Local Conditions","34060","Morgantown, WV","54","West Virginia","061","Monongalia","39.6493670009271","-79.920867"
"01/25/2020","AQS","540610003","1","2.4","ug/m3 LC","10","","1","100.0000","88101","PM2.5 - Local Conditions","34060","Morgantown, WV","54","West Virginia","061","Monongalia","39.6493670009271","-79.920867"
"01/28/2020","AQS","540610003","1","16.1","ug/m3 LC","59","","1","100.0000","88101","PM2.5 - Local Conditions","34060","Morgantown, WV","54","West Virginia","061","Monongalia","39.6493670009271","-79.920867"
"01/31/2020","AQS","540610003","1","14.8","ug/m3 LC","57","","1","100.0000","88101","PM2.5 - Local Conditions","34060","Morgantown, WV","54","West Virginia","061","Monongalia","39.6493670009271","-79.920867"
"02/03/2020","AQS","540610003","1","4.2","ug/m3 LC","18","","1","100.0000","88101","PM2.5 - Local Conditions","34060","Morgantown, WV","54","West Virginia","061","Monongalia","39.6493670009271","-79.920867"
"02/06/2020","AQS","540610003","1","3.7","ug/m3 LC","15","","1","100.0000","88101","PM2.5 - Local Conditions","34060","Morgantown, WV","54","West Virginia","061","Monongalia","39.6493670009271","-79.920867"
"02/12/2020","AQS","540610003","1","10","ug/m3 LC","42","","1","100.0000","88101","PM2.5 - Local Conditions","34060","Morgantown, WV","54","West Virginia","061","Monongalia","39.6493670009271","-79.920867"
"02/15/2020","AQS","540610003","1","4.1","ug/m3 LC","17","","1","100.0000","88101","PM2.5 - Local Conditions","34060","Morgantown, WV","54","West Virginia","061","Monongalia","39.6493670009271","-79.920867"
"02/18/2020","AQS","540610003","1","6.3","ug/m3 LC","26","","1","100.0000","88101","PM2.5 - Local Conditions","34060","Morgantown, WV","54","West Virginia","061","Monongalia","39.6493670009271","-79.920867"
"02/21/2020","AQS","540610003","1","5.5","ug/m3 LC","23","","1","100.0000","88101","PM2.5 - Local Conditions","34060","Morgantown, WV","54","West Virginia","061","Monongalia","39.6493670009271","-79.920867"
"02/24/2020","AQS","540610003","1","7.4","ug/m3 LC","31","","1","100.0000","88101","PM2.5 - Local Conditions","34060","Morgantown, WV","54","West Virginia","061","Monongalia","39.6493670009271","-79.920867"
"02/27/2020","AQS","540610003","1","3.6","ug/m3 LC","15","","1","100.0000","88101","PM2.5 - Local Conditions","34060","Morgantown, WV","54","West Virginia","061","Monongalia","39.6493670009271","-79.920867"
"03/01/2020","AQS","540610003","1","4","ug/m3 LC","17","","1","100.0000","88101","PM2.5 - Local Conditions","34060","Morgantown, WV","54","West Virginia","061","Monongalia","39.6493670009271","-79.920867"
"03/04/2020","AQS","540610003","1","3.7","ug/m3 LC","15","","1","100.0000","88101","PM2.5 - Local Conditions","34060","Morgantown, WV","54","West Virginia","061","Monongalia","39.6493670009271","-79.920867"
"03/07/2020","AQS","540610003","1","3.7","ug/m3 LC","15","","1","100.0000","88101","PM2.5 - Local Conditions","34060","Morgantown, WV","54","West Virginia","061","Monongalia","39.6493670009271","-79.920867"
"03/10/2020","AQS","540610003","1","5.2","ug/m3 LC","22","","1","100.0000","88101","PM2.5 - Local Conditions","34060","Morgantown, WV","54","West Virginia","061","Monongalia","39.6493670009271","-79.920867"
"03/13/2020","AQS","540610003","1","4.1","ug/m3 LC","17","","1","100.0000","88101","PM2.5 - Local Conditions","34060","Morgantown, WV","54","West Virginia","061","Monongalia","39.6493670009271","-79.920867"
"03/16/2020","AQS","540610003","1","4.8","ug/m3 LC","20","","1","100.0000","88101","PM2.5 - Local Conditions","34060","Morgantown, WV","54","West Virginia","061","Monongalia","39.6493670009271","-79.920867"
"03/19/2020","AQS","540610003","1","4.2","ug/m3 LC","18","","1","100.0000","88101","PM2.5 - Local Conditions","34060","Morgantown, WV","54","West Virginia","061","Monongalia","39.6493670009271","-79.920867"
"03/22/2020","AQS","540610003","1","5.8","ug/m3 LC","24","","1","100.0000","88101","PM2.5 - Local Conditions","34060","Morgantown, WV","54","West Virginia","061","Monongalia","39.6493670009271","-79.920867"
"03/25/2020","AQS","540610003","1","3.3","ug/m3 LC","14","","1","100.0000","88101","PM2.5 - Local Conditions","34060","Morgantown, WV","54","West Virginia","061","Monongalia","39.6493670009271","-79.920867"
"03/28/2020","AQS","540610003","1","8.8","ug/m3 LC","37","","1","100.0000","88101","PM2.5 - Local Conditions","34060","Morgantown, WV","54","West Virginia","061","Monongalia","39.6493670009271","-79.920867"
"03/31/2020","AQS","540610003","1","3.6","ug/m3 LC","15","","1","100.0000","88101","PM2.5 - Local Conditions","34060","Morgantown, WV","54","West Virginia","061","Monongalia","39.6493670009271","-79.920867"
"01/01/2020","AQS","541071002","1","5.3","ug/m3 LC","22","Neale Elementary School","1","100.0000","88101","PM2.5 - Local Conditions","37620","Parkersburg-Vienna, WV","54","West Virginia","107","Wood","39.3235330009251","-81.552367"
"01/04/2020","AQS","541071002","1","3.8","ug/m3 LC","16","Neale Elementary School","1","100.0000","88101","PM2.5 - Local Conditions","37620","Parkersburg-Vienna, WV","54","West Virginia","107","Wood","39.3235330009251","-81.552367"
"01/07/2020","AQS","541071002","1","6.5","ug/m3 LC","27","Neale Elementary School","1","100.0000","88101","PM2.5 - Local Conditions","37620","Parkersburg-Vienna, WV","54","West Virginia","107","Wood","39.3235330009251","-81.552367"
"01/10/2020","AQS","541071002","1","4.3","ug/m3 LC","18","Neale Elementary School","1","100.0000","88101","PM2.5 - Local Conditions","37620","Parkersburg-Vienna, WV","54","West Virginia","107","Wood","39.3235330009251","-81.552367"
"01/13/2020","AQS","541071002","1","8","ug/m3 LC","33","Neale Elementary School","1","100.0000","88101","PM2.5 - Local Conditions","37620","Parkersburg-Vienna, WV","54","West Virginia","107","Wood","39.3235330009251","-81.552367"
"01/16/2020","AQS","541071002","1","8.6","ug/m3 LC","36","Neale Elementary School","1","100.0000","88101","PM2.5 - Local Conditions","37620","Parkersburg-Vienna, WV","54","West Virginia","107","Wood","39.3235330009251","-81.552367"
"01/19/2020","AQS","541071002","1","8.1","ug/m3 LC","34","Neale Elementary School","1","100.0000","88101","PM2.5 - Local Conditions","37620","Parkersburg-Vienna, WV","54","West Virginia","107","Wood","39.3235330009251","-81.552367"
"01/22/2020","AQS","541071002","1","11.6","ug/m3 LC","48","Neale Elementary School","1","100.0000","88101","PM2.5 - Local Conditions","37620","Parkersburg-Vienna, WV","54","West Virginia","107","Wood","39.3235330009251","-81.552367"
"01/25/2020","AQS","541071002","1","3.2","ug/m3 LC","13","Neale Elementary School","1","100.0000","88101","PM2.5 - Local Conditions","37620","Parkersburg-Vienna, WV","54","West Virginia","107","Wood","39.3235330009251","-81.552367"
"01/28/2020","AQS","541071002","1","9.5","ug/m3 LC","40","Neale Elementary School","1","100.0000","88101","PM2.5 - Local Conditions","37620","Parkersburg-Vienna, WV","54","West Virginia","107","Wood","39.3235330009251","-81.552367"
"01/31/2020","AQS","541071002","1","12.7","ug/m3 LC","52","Neale Elementary School","1","100.0000","88101","PM2.5 - Local Conditions","37620","Parkersburg-Vienna, WV","54","West Virginia","107","Wood","39.3235330009251","-81.552367"
"02/03/2020","AQS","541071002","1","5.2","ug/m3 LC","22","Neale Elementary School","1","100.0000","88101","PM2.5 - Local Conditions","37620","Parkersburg-Vienna, WV","54","West Virginia","107","Wood","39.3235330009251","-81.552367"
"02/06/2020","AQS","541071002","1","4","ug/m3 LC","17","Neale Elementary School","1","100.0000","88101","PM2.5 - Local Conditions","37620","Parkersburg-Vienna, WV","54","West Virginia","107","Wood","39.3235330009251","-81.552367"
"02/09/2020","AQS","541071002","1","10","ug/m3 LC","42","Neale Elementary School","1","100.0000","88101","PM2.5 - Local Conditions","37620","Parkersburg-Vienna, WV","54","West Virginia","107","Wood","39.3235330009251","-81.552367"
"02/12/2020","AQS","541071002","1","13.2","ug/m3 LC","53","Neale Elementary School","1","100.0000","88101","PM2.5 - Local Conditions","37620","Parkersburg-Vienna, WV","54","West Virginia","107","Wood","39.3235330009251","-81.552367"
"02/15/2020","AQS","541071002","1","6.3","ug/m3 LC","26","Neale Elementary School","1","100.0000","88101","PM2.5 - Local Conditions","37620","Parkersburg-Vienna, WV","54","West Virginia","107","Wood","39.3235330009251","-81.552367"
"02/18/2020","AQS","541071002","1","7.2","ug/m3 LC","30","Neale Elementary School","1","100.0000","88101","PM2.5 - Local Conditions","37620","Parkersburg-Vienna, WV","54","West Virginia","107","Wood","39.3235330009251","-81.552367"
"02/21/2020","AQS","541071002","1","4","ug/m3 LC","17","Neale Elementary School","1","100.0000","88101","PM2.5 - Local Conditions","37620","Parkersburg-Vienna, WV","54","West Virginia","107","Wood","39.3235330009251","-81.552367"
"02/24/2020","AQS","541071002","1","8.4","ug/m3 LC","35","Neale Elementary School","1","100.0000","88101","PM2.5 - Local Conditions","37620","Parkersburg-Vienna, WV","54","West Virginia","107","Wood","39.3235330009251","-81.552367"
"02/27/2020","AQS","541071002","1","3","ug/m3 LC","13","Neale Elementary School","1","100.0000","88101","PM2.5 - Local Conditions","37620","Parkersburg-Vienna, WV","54","West Virginia","107","Wood","39.3235330009251","-81.552367"
"03/01/2020","AQS","541071002","1","7.2","ug/m3 LC","30","Neale Elementary School","1","100.0000","88101","PM2.5 - Local Conditions","37620","Parkersburg-Vienna, WV","54","West Virginia","107","Wood","39.3235330009251","-81.552367"
"03/04/2020","AQS","541071002","1","3.1","ug/m3 LC","13","Neale Elementary School","1","100.0000","88101","PM2.5 - Local Conditions","37620","Parkersburg-Vienna, WV","54","West Virginia","107","Wood","39.3235330009251","-81.552367"
"03/07/2020","AQS","541071002","1","4.7","ug/m3 LC","20","Neale Elementary School","1","100.0000","88101","PM2.5 - Local Conditions","37620","Parkersburg-Vienna, WV","54","West Virginia","107","Wood","39.3235330009251","-81.552367"
"03/10/2020","AQS","541071002","1","5.6","ug/m3 LC","23","Neale Elementary School","1","100.0000","88101","PM2.5 - Local Conditions","37620","Parkersburg-Vienna, WV","54","West Virginia","107","Wood","39.3235330009251","-81.552367"
"03/16/2020","AQS","541071002","1","5.8","ug/m3 LC","24","Neale Elementary School","1","100.0000","88101","PM2.5 - Local Conditions","37620","Parkersburg-Vienna, WV","54","West Virginia","107","Wood","39.3235330009251","-81.552367"
"03/19/2020","AQS","541071002","1","3.8","ug/m3 LC","16","Neale Elementary School","1","100.0000","88101","PM2.5 - Local Conditions","37620","Parkersburg-Vienna, WV","54","West Virginia","107","Wood","39.3235330009251","-81.552367"
"03/22/2020","AQS","541071002","1","5.7","ug/m3 LC","24","Neale Elementary School","1","100.0000","88101","PM2.5 - Local Conditions","37620","Parkersburg-Vienna, WV","54","West Virginia","107","Wood","39.3235330009251","-81.552367"
"03/25/2020","AQS","541071002","1","6.8","ug/m3 LC","28","Neale Elementary School","1","100.0000","88101","PM2.5 - Local Conditions","37620","Parkersburg-Vienna, WV","54","West Virginia","107","Wood","39.3235330009251","-81.552367"
"03/28/2020","AQS","541071002","1","10.5","ug/m3 LC","44","Neale Elementary School","1","100.0000","88101","PM2.5 - Local Conditions","37620","Parkersburg-Vienna, WV","54","West Virginia","107","Wood","39.3235330009251","-81.552367"
"03/31/2020","AQS","541071002","1","2.8","ug/m3 LC","12","Neale Elementary School","1","100.0000","88101","PM2.5 - Local Conditions","37620","Parkersburg-Vienna, WV","54","West Virginia","107","Wood","39.3235330009251","-81.552367"
